---
layout: single
title:  "CCTV_ver_4.1. 데이터 분석 시스템"
author: seohyun-kim
date: 2021-08-05 18:00
comments: true
---


[![image](https://user-images.githubusercontent.com/61939286/125255176-2006fc80-e336-11eb-8f49-04f48e600742.png)](https://github.com/seohyun-kim/CCTV-Monitoring-System.git)  
➡ 위 이미지를 클릭하면 Repository로 이동합니다.  

<br>  

## 과제 목표  

> [리눅스 서버 환경 구축](https://seohyun-kim.github.io/CCTV.ver.4.1/#1-%EB%A6%AC%EB%88%85%EC%8A%A4-%EC%84%9C%EB%B2%84%EC%97%90-mysql%EC%84%A4%EC%B9%98-%EB%B0%8F-%EC%99%B8%EB%B6%80-%EC%A0%91%EC%86%8D%ED%97%88%EC%9A%A9)   
> [데이터 베이스 분석 시스템(분석 table생성, 이벤트 생성, 이상값 탐지)](https://seohyun-kim.github.io/CCTV.ver.4.1/#2-%EB%8D%B0%EC%9D%B4%ED%84%B0-%EB%B2%A0%EC%9D%B4%EC%8A%A4-%EB%B6%84%EC%84%9D-%EC%8B%9C%EC%8A%A4%ED%85%9C)  
> [영상팀에서 호출할 수 있는 API 생성(인증절차 추후 적용 예정)](https://seohyun-kim.github.io/CCTV.ver.4.1/#3-%EC%98%81%EC%83%81%ED%8C%80%EC%97%90%EC%84%9C-%ED%98%B8%EC%B6%9C%ED%95%A0-%EC%88%98-%EC%9E%88%EB%8A%94-api-%EC%83%9D%EC%84%B1)



<br>  

# 1. 리눅스 서버 환경 구축

### 리눅스 서버에 mysql설치 및 접속설정

> mysql 설치 완료 , DB생성  
> 사용자 계정 생성 및 DB권한 부여  
> 외부 접속 허용
> 3306 포트 allow
 
```sql
mysql> show databases;
+--------------------+
| Database           |
+--------------------+
| cctv               |
| information_schema |
+--------------------+
2 rows in set (0.01 sec)

mysql> show grants;
+-------------------------------------------------+
| Grants for malab@%                              |
+-------------------------------------------------+
| GRANT USAGE ON *.* TO `malab`@`%`               |
| GRANT ALL PRIVILEGES ON `cctv`.* TO `malab`@`%` |
+-------------------------------------------------+
2 rows in set (0.01 sec)
```

### Node.js 설치

> PPA 로 node.js와 npm설치  
```
$ node -v
v14.17.4
$ npm -v
6.14.14
```

### MySQL table 생성    
> 외래키를 설정하여 rid로 참조될 수 있도록 함


```sql
mysql> show tables;
+------------------------+
| Tables_in_cctv         |
+------------------------+
| bicycle_pos            |
| bicycle_speed          |
| bus_pos                |
| bus_speed              |
| car_pos                |
| car_speed              |
| cctv_bbox              | 
| cctv_data              | < --- 기본 전체 데이터 (1분당 1 row)
| electric_scooter_pos   |
| electric_scooter_speed |
| motocycle_pos          |
| motocycle_speed        |
| person_pos             |
| person_speed           |
| truck_pos              |
| truck_speed            |
+------------------------+
16 rows in set (0.00 sec)

mysql> desc cctv_data;
+--------------------+-----------+------+-----+---------+----------------+
| Field              | Type      | Null | Key | Default | Extra          |
+--------------------+-----------+------+-----+---------+----------------+
| rid                | int       | NO   | PRI | NULL    | auto_increment |
| date_time          | timestamp | YES  |     | NULL    |                |
| n_person           | int       | YES  |     | NULL    |                |
| n_car              | int       | YES  |     | NULL    |                |
| n_truck            | int       | YES  |     | NULL    |                |
| n_bus              | int       | YES  |     | NULL    |                |
| n_bicycle          | int       | YES  |     | NULL    |                |
| n_motorcycle       | int       | YES  |     | NULL    |                |
| n_electric_scooter | int       | YES  |     | NULL    |                |
+--------------------+-----------+------+-----+---------+----------------+
9 rows in set (0.00 sec)

mysql> desc person_pos;
+-----------+-----------+------+-----+---------+-------+
| Field     | Type      | Null | Key | Default | Extra |
+-----------+-----------+------+-----+---------+-------+
| rid       | int       | NO   | PRI | NULL    |       |
| date_time | timestamp | YES  |     | NULL    |       |
| loc_0     | int       | YES  |     | NULL    |       |
| loc_1     | int       | YES  |     | NULL    |       |
| loc_2     | int       | YES  |     | NULL    |       |
| loc_3     | int       | YES  |     | NULL    |       |
| loc_4     | int       | YES  |     | NULL    |       |
| loc_5     | int       | YES  |     | NULL    |       |
| loc_6     | int       | YES  |     | NULL    |       |
| loc_7     | int       | YES  |     | NULL    |       |
| loc_8     | int       | YES  |     | NULL    |       |
+-----------+-----------+------+-----+---------+-------+
11 rows in set (0.01 sec)

mysql> desc person_speed;
+-----------+-----------+------+-----+---------+-------+
| Field     | Type      | Null | Key | Default | Extra |
+-----------+-----------+------+-----+---------+-------+
| rid       | int       | NO   | PRI | NULL    |       |
| date_time | timestamp | YES  |     | NULL    |       |
| loc_0     | float     | YES  |     | NULL    |       |
| loc_1     | float     | YES  |     | NULL    |       |
| loc_2     | float     | YES  |     | NULL    |       |
| loc_3     | float     | YES  |     | NULL    |       |
| loc_4     | float     | YES  |     | NULL    |       |
| loc_5     | float     | YES  |     | NULL    |       |
| loc_6     | float     | YES  |     | NULL    |       |
| loc_7     | float     | YES  |     | NULL    |       |
| loc_8     | float     | YES  |     | NULL    |       |
+-----------+-----------+------+-----+---------+-------+
11 rows in set (0.00 sec)
```
<details>
    <summary> Table 생성 코드 </summary>  
  
 <div markdown="1">  
   
   ```sql
   create table cctv_data(
	  rid int NOT NULL AUTO_INCREMENT PRIMARY KEY,
      date_time TIMESTAMP ,
      n_person int ,
      n_car int,
      n_truck int,
      n_bus int,
      n_bicycle int,
      n_motorcycle int,
      n_electric_scooter int
  );    
   
   create table person_pos(
	  rid int NOT NULL PRIMARY KEY,
      date_time TIMESTAMP ,
	  loc_0 int,
      loc_1 int,
      loc_2 int,
      loc_3 int,
      loc_4 int,
      loc_5 int,
      loc_6 int,
      loc_7 int,
      loc_8 int,
      foreign key (rid) references cctv_data (rid)
  );  
   
     create table person_speed(
	  rid int NOT NULL primary key,
      date_time TIMESTAMP ,
	  loc_0  float,
      loc_1  float,
      loc_2  float,
      loc_3  float,
      loc_4  float,
      loc_5  float,
      loc_6  float,
      loc_7  float,
      loc_8  float,
      foreign key (rid) references cctv_data (rid)
  );  
   
   ```
   
</div>  
  
</details>   

<br>  

### 타임존 설정 및 확인  

> 우분투 서버  


``` cmd
  ~$ timedatectl
                 Local time: 토 2021-08-14 01:02:22 KST
             Universal time: 금 2021-08-13 16:02:22 UTC
                   RTC time: 금 2021-08-13 16:02:22
                  Time zone: Asia/Seoul (KST, +0900)
              System clock synchronized: no
                NTP service: active
            RTC in local TZ: no

  ~$ date
  2021. 08. 14. (토) 01:02:27 KST
```  


> mysql  


```sql
mysql> select @@global.time_zone, @@session.time_zone,@@system_time_zone;
+--------------------+---------------------+--------------------+
| @@global.time_zone | @@session.time_zone | @@system_time_zone |
+--------------------+---------------------+--------------------+
| Asia/Seoul         | Asia/Seoul          | KST                |
+--------------------+---------------------+--------------------+
1 row in set (0.00 sec)
```

<br>  
<br>  

# 2. 데이터 베이스 분석 시스템  
by. 서현, 가희  
<br>  
## 1. 데이터베이스 분석 테이블 생성 및 이벤트 스케줄러 생성
![image](https://user-images.githubusercontent.com/61939286/128384676-d3e80d45-6cfb-465f-80f2-4be341b8c15e.png)  
<br>  

##   - 데이터베이스 테이블 생성  

![image](https://user-images.githubusercontent.com/61939286/128417613-4b760909-5406-4395-9b16-b7ede5d8d91c.png)
![image](https://user-images.githubusercontent.com/61939286/128417645-1e90f932-fe2f-45f5-9fa7-4315f8971004.png)  


<details>
    <summary> Table 생성 코드 </summary>  
  
 <div markdown="1">  
   
```sql
  # 일 별 테이블 생성
  create table day_stats(
    _id INT PRIMARY KEY AUTO_INCREMENT,
      _date date,
      avg_people float,
      std_people float,
    avg_vehicle float,
      std_vehicle float
  );
   desc day_stats;

  # 주 별 테이블 생성
  create table week_stats(
    _id INT PRIMARY KEY AUTO_INCREMENT,
      start_date date,
      end_date date,
      avg_people float,
      std_people float,
    avg_vehicle float,
      std_vehicle float
  );

  # 월 별 테이블 생성
  create table month_stats(
    _id INT PRIMARY KEY AUTO_INCREMENT,
      start_date date, #월 포맷이 없어서 그냥 해당 달의 첫날로함
      avg_people float,
      std_people float,
    avg_vehicle float,
      std_vehicle float
  );
   
 # 연도별 테이블 생성
  create table year_stats(
    _id INT PRIMARY KEY AUTO_INCREMENT,
      _year year, #년도
      avg_people float,
      std_people float,
    avg_vehicle float,
      std_vehicle float
  );
  

  # 월간 요일별 테이블 생성 (월요일)
  create table monthly_mon_stats(
    _id INT PRIMARY KEY AUTO_INCREMENT,
      start_date date, #월 포맷이 없어서 그냥 해당 달의 첫날로함
      avg_people float,
      std_people float,
    avg_vehicle float,
      std_vehicle float
  );

  # 월간 요일별 테이블 생성(화요일)
  create table monthly_tue_stats(
    _id INT PRIMARY KEY AUTO_INCREMENT,
      start_date date, #월 포맷이 없어서 그냥 해당 달의 첫날로함
      avg_people float,
      std_people float,
    avg_vehicle float,
      std_vehicle float
  );

  # 월간 요일별 테이블 생성(수요일)
  create table monthly_wed_stats(
    _id INT PRIMARY KEY AUTO_INCREMENT,
      start_date date, #월 포맷이 없어서 그냥 해당 달의 첫날로함
      avg_people float,
      std_people float,
    avg_vehicle float,
      std_vehicle float
  );

  # 월간 요일별 테이블 생성(목요일)
  create table monthly_thu_stats(
    _id INT PRIMARY KEY AUTO_INCREMENT,
      start_date date, #월 포맷이 없어서 그냥 해당 달의 첫날로함
      avg_people float,
      std_people float,
    avg_vehicle float,
      std_vehicle float
  );

  # 월간 요일별 테이블 생성 (금요일)
  create table monthly_fri_stats(
    _id INT PRIMARY KEY AUTO_INCREMENT,
      start_date date, #월 포맷이 없어서 그냥 해당 달의 첫날로함
      avg_people float,
      std_people float,
    avg_vehicle float,
      std_vehicle float
  );

  # 월간 요일별 테이블 생성 (토요일)
  create table monthly_sat_stats(
    _id INT PRIMARY KEY AUTO_INCREMENT,
      start_date date, #월 포맷이 없어서 그냥 해당 달의 첫날로함
      avg_people float,
      std_people float,
    avg_vehicle float,
      std_vehicle float
  );

  # 월간 요일별 테이블 생성 (일요일)
  create table monthly_sun_stats(
    _id INT PRIMARY KEY AUTO_INCREMENT,
      start_date date, #월 포맷이 없어서 그냥 해당 달의 첫날로함
      avg_people float,
      std_people float,
    avg_vehicle float,
      std_vehicle float
  );

  show tables;

  # 연간 요일별 테이블 생성 (월요일)
  create table yearly_mon_stats(
    _id INT PRIMARY KEY AUTO_INCREMENT,
      _year year, 
      avg_people float,
      std_people float,
    avg_vehicle float,
      std_vehicle float
  );

  # 연간 요일별 테이블 생성 (화요일)
  create table yearly_tue_stats(
    _id INT PRIMARY KEY AUTO_INCREMENT,
      _year year, 
      avg_people float,
      std_people float,
    avg_vehicle float,
      std_vehicle float
  );
  # 연간 요일별 테이블 생성 (수요일)
  create table yearly_wed_stats(
    _id INT PRIMARY KEY AUTO_INCREMENT,
      _year year, 
      avg_people float,
      std_people float,
    avg_vehicle float,
      std_vehicle float
  );
  # 연간 요일별 테이블 생성 (목요일)
  create table yearly_thu_stats(
    _id INT PRIMARY KEY AUTO_INCREMENT,
      _year year, 
      avg_people float,
      std_people float,
    avg_vehicle float,
      std_vehicle float
  );
  # 연간 요일별 테이블 생성 (금요일)
  create table yearly_fri_stats(
    _id INT PRIMARY KEY AUTO_INCREMENT,
      _year year, 
      avg_people float,
      std_people float,
    avg_vehicle float,
      std_vehicle float
  );
  # 연간 요일별 테이블 생성 (토요일)
  create table yearly_sat_stats(
    _id INT PRIMARY KEY AUTO_INCREMENT,
      _year year, 
      avg_people float,
      std_people float,
    avg_vehicle float,
      std_vehicle float
  );

  # 연간 요일별 테이블 생성 (일요일)
  create table yearly_sun_stats(
    _id INT PRIMARY KEY AUTO_INCREMENT,
      _year year, 
      avg_people float,
      std_people float,
    avg_vehicle float,
      std_vehicle float
  );
```
   
</div>  
  
</details>   

<br>  

##   - MySQl Event Scheduler  

> 💢 **주의**  
> CCTV 데이터는 현재 로컬 시간에 대한 UTC시간으로 저장될 것  
> 본 Event는 UTC시간을 기준으로 스케줄러가 작동됨  
> 따라서 데이터 조회 시, 사용자로부터 입력받은 로컬시간을 UTC시간으로 변환하여 조회해야함  
 <br>  


#### 1). 매일 00:00:00 에 하루치 데이터 평균과 기준값을 `day_stats` 테이블에 저장  

```sql
CREATE EVENT `day_stats`
    ON SCHEDULE EVERY 1 Day 
    STARTS CURDATE() #오늘부터 시작 (표준시간 기준임, 한국시간은 +9 hour 해줘야 함)
	ON COMPLETION NOT PRESERVE ENABLE
    COMMENT 'average and reference value of day'
    DO 
	INSERT INTO day_stats(_date, avg_people, std_people, avg_vehicle, std_vehicle) 
		SELECT  DATE_ADD(CURDATE(),INTERVAL -1 day)  , CONVERT(AVG(people), float), CONVERT(AVG(people)+1.5*STDDEV(people), float),
				CONVERT(AVG(vehicle), float), CONVERT(AVG(vehicle)+1.5*STDDEV(vehicle), float)
                FROM test  WHERE DATE(start_date) =  DATE_ADD(CURDATE(), INTERVAL -1 day) #어제 데이터
```
<br>  

#### 2). 매주 월요일에 `day_stats` table의 일주일 치(7개의 row) 평균을 `week_stats` 테이블에 저장  

```sql
  CREATE EVENT `week_stats`
    ON SCHEDULE
	EVERY 1 WEEK
	STARTS CURRENT_DATE + INTERVAL 7- WEEKDAY(CURRENT_DATE) DAY #가장 가까운 미래의 월요일
	ON COMPLETION NOT PRESERVE ENABLE
    COMMENT 'average and reference value of week'
    DO 
	INSERT INTO week_stats(start_date, end_date, avg_people, std_people, avg_vehicle, std_vehicle) 
		SELECT CURRENT_DATE + INTERVAL -7- WEEKDAY(CURRENT_DATE) DAY,#지난 주 월요일
			CURRENT_DATE + INTERVAL -1 - WEEKDAY(CURRENT_DATE) DAY, #지난 주 일요일
			CONVERT(AVG(avg_people), float), CONVERT(AVG(std_people), float),
			CONVERT(AVG(avg_vehicle), float), CONVERT(AVG(std_vehicle), float)
			FROM day_stats WHERE _date BETWEEN DATE_ADD(NOW(),INTERVAL -1 WEEK ) AND NOW() #오늘(매주 월요일 0시) 기준으로 지난 일주일 간
 ```
<br>  

#### 3). 매달 1일에 `day_stats` table의 한달 치 평균을 `month_stats` 테이블에 저장  

```sql
 CREATE EVENT `month_stats`
    ON SCHEDULE
	EVERY 1 MONTH
	STARTS LAST_DAY(NOW()) + interval 1 DAY #가장 가까운 1일부터 시작
	ON COMPLETION NOT PRESERVE ENABLE
    COMMENT 'average and reference value of week'
    DO 
	INSERT INTO month_stats(start_date, avg_people, std_people, avg_vehicle, std_vehicle) 
		SELECT LAST_DAY(NOW() - interval 2 month) + interval 1 DAY, #지난 달의 1일
			CONVERT(AVG(avg_people), float), CONVERT(AVG(std_people), float),
			CONVERT(AVG(avg_vehicle), float), CONVERT(AVG(std_vehicle), float)
			FROM day_stats WHERE _date BETWEEN DATE_ADD(NOW(),INTERVAL -1 WEEK ) AND NOW()
                            
```
<br>  


#### 4). 매년 1월1일에 `month_stats` table의 일년 치 평균(12개의 row)을 `year_stats` 테이블에 저장   

```sql
 CREATE EVENT `year_stats`
    ON SCHEDULE
	EVERY 1 YEAR
	STARTS LAST_DAY(DATE_ADD(NOW(), INTERVAL 12-MONTH(NOW()) MONTH))+ interval 1 DAY #가장 가까운 1월 1일부터 시작
	ON COMPLETION NOT PRESERVE ENABLE
    COMMENT 'average and reference value of year'
    DO 
	INSERT INTO year_stats(_year, avg_people, std_people, avg_vehicle, std_vehicle) 
		SELECT YEAR(CURDATE()-interval 1 DAY), # 지난 년도
			CONVERT(AVG(avg_people), float), CONVERT(AVG(std_people), float),
			CONVERT(AVG(avg_vehicle), float), CONVERT(AVG(std_vehicle), float)
			FROM month_stats where start_date BETWEEN DATE_ADD(NOW(),INTERVAL -1 YEAR ) AND NOW() #지난 일년
```


<br>  

<br>  

## 2. 이상값 탐지 (MySQL Trigger)

![image](https://user-images.githubusercontent.com/61939286/128423327-e2084037-b1e3-4335-8211-5c0db99f467f.png)  
<br>  

```sql

DELIMITER //
CREATE TRIGGER detection 
	AFTER INSERT 
    ON test 
	FOR EACH ROW
BEGIN

# 기준 값 설정
	DECLARE people_ref_val, vehicle_ref_val FLOAT DEFAULT NULL;
    
	IF (SELECT COUNT(_id) FROM year_stats) >=1 THEN 	#년간 데이터가 있을 때
		SET people_ref_val = (SELECT AVG(std_people) FROM year_stats); #N년의 평균값으로 함
		SET vehicle_ref_val = (SELECT AVG(std_vehicle) FROM year_stats);
        
	ELSE IF (SELECT COUNT(_id) FROM month_stats) >=1 THEN
		SET people_ref_val = (SELECT AVG(std_people) FROM month_stats);
		SET vehicle_ref_val = (SELECT AVG(std_vehicle) FROM month_stats);
        
	ELSE IF (SELECT COUNT(_id) FROM week_stats) >=1 THEN
		SET people_ref_val = (SELECT AVG(std_people) FROM week_stats);
		SET vehicle_ref_val = (SELECT AVG(std_vehicle) FROM week_stats);
			
	ELSE IF (SELECT COUNT(_id) FROM day_stats) >=1 THEN
		SET people_ref_val = (SELECT AVG(std_people) FROM day_stats);
		SET vehicle_ref_val = (SELECT AVG(std_vehicle) FROM day_stats);
				END IF;
			END IF;
		END IF;
	END IF;

	# 설정된 기준 값으로 이상값 탐지
    IF  NEW.people > (SELECT @people_ref_val) THEN
		IF  NEW.vehicle > (SELECT @vehicle_ref_val) THEN
			INSERT INTO backup VALUES(NEW.id, NEW.start_date ,NEW.end_date, NEW.people, NEW.vehicle, 'Outlier People & Vehicle');
		ELSE 
			INSERT INTO backup VALUES(NEW.id, NEW.start_date ,NEW.end_date, NEW.people, NEW.vehicle, 'Outlier People');
		END IF;
	ELSEIF NEW.vehicle > (SELECT @vehicle_ref_val) THEN
		INSERT INTO backup VALUES(NEW.id, NEW.start_date ,NEW.end_date, NEW.people, NEW.vehicle, 'Outlier Vehicle');
    END IF;
    
   
END //
DELIMITER ;
```
<br>  

## 3. 실제 데이터 처리 방법
![image](https://user-images.githubusercontent.com/61939286/128384838-1e2f4b61-4fdf-4c5d-a9fb-6af1aae0b97a.png)  

<br>  
<br>  


# 3. 영상팀에서 호출할 수 있는 API 생성 -- 사용 X  
by. 태훈  
<br>  

![image](https://user-images.githubusercontent.com/61939286/128325508-30a0ed58-b215-4485-9e0c-17270f9f6be4.png)

수동으로 입력받는 페이지를 만들었습니다.  
token을 통한 보안 인증 절차를 추가하였습니다.  
<br>  


